event,pt,utc,signal_id,market_type,market_name,runner_name,entry_order_side,book_side,price,stake,liability,free_balance,fill_utc,exit_utc,pnl_proxy,pnl_status,note
PLACE,1493557511250,2017-04-30T13:05:11.250000Z,1,OVER_UNDER_35,Over/Under 3.5 Goals,Under 3.5 Goals,LAY,ATB,1.58,4.0,2.320000,1000.000000,2017-04-30T13:05:11.335000Z,2017-04-30T13:05:12.033000Z,0.282353,EXIT_FOUND,placed
PLACE,1493557511250,2017-04-30T13:05:11.250000Z,1,MATCH_ODDS,Match Odds,Man City,LAY,ATB,1.24,4.0,0.960000,997.680000,2017-04-30T13:05:11.443000Z,2017-04-30T13:05:12.033000Z,0.21374,EXIT_FOUND,placed
FILL,1493557511500,2017-04-30T13:05:11.500000Z,1,OVER_UNDER_35,Over/Under 3.5 Goals,Under 3.5 Goals,LAY,ATB,1.58,4.0,2.320000,996.720000,2017-04-30T13:05:11.335000Z,2017-04-30T13:05:12.033000Z,0.282353,EXIT_FOUND,fill_proxy
FILL,1493557511500,2017-04-30T13:05:11.500000Z,1,MATCH_ODDS,Match Odds,Man City,LAY,ATB,1.24,4.0,0.960000,996.720000,2017-04-30T13:05:11.443000Z,2017-04-30T13:05:12.033000Z,0.21374,EXIT_FOUND,fill_proxy
EXIT,1493557512250,2017-04-30T13:05:12.250000Z,1,OVER_UNDER_35,Over/Under 3.5 Goals,Under 3.5 Goals,LAY,ATB,1.58,4.0,2.320000,996.720000,2017-04-30T13:05:11.335000Z,2017-04-30T13:05:12.033000Z,0.282353,EXIT_FOUND,exit_proxy
EXIT,1493557512250,2017-04-30T13:05:12.250000Z,1,MATCH_ODDS,Match Odds,Man City,LAY,ATB,1.24,4.0,0.960000,999.322353,2017-04-30T13:05:11.443000Z,2017-04-30T13:05:12.033000Z,0.21374,EXIT_FOUND,exit_proxy
PLACE,1493557606250,2017-04-30T13:06:46.250000Z,2,TOTAL_GOALS,Total Goals,3 goals or more,LAY,ATB,1.57,4.0,2.280000,1000.496093,2017-04-30T13:06:49.059000Z,2017-04-30T13:06:57.052000Z,0.284024,EXIT_FOUND,placed
PLACE,1493557606250,2017-04-30T13:06:46.250000Z,2,MATCH_ODDS,Match Odds,Man City,LAY,ATB,1.24,4.0,0.960000,998.216093,2017-04-30T13:06:47.651000Z,2017-04-30T13:06:48.229000Z,0.155039,EXIT_FOUND,placed
FILL,1493557607750,2017-04-30T13:06:47.750000Z,2,MATCH_ODDS,Match Odds,Man City,LAY,ATB,1.24,4.0,0.960000,997.256093,2017-04-30T13:06:47.651000Z,2017-04-30T13:06:48.229000Z,0.155039,EXIT_FOUND,fill_proxy
EXIT,1493557608250,2017-04-30T13:06:48.250000Z,2,MATCH_ODDS,Match Odds,Man City,LAY,ATB,1.24,4.0,0.960000,997.256093,2017-04-30T13:06:47.651000Z,2017-04-30T13:06:48.229000Z,0.155039,EXIT_FOUND,exit_proxy
FILL,1493557609250,2017-04-30T13:06:49.250000Z,2,TOTAL_GOALS,Total Goals,3 goals or more,LAY,ATB,1.57,4.0,2.280000,998.371132,2017-04-30T13:06:49.059000Z,2017-04-30T13:06:57.052000Z,0.284024,EXIT_FOUND,fill_proxy
EXIT,1493557617250,2017-04-30T13:06:57.250000Z,2,TOTAL_GOALS,Total Goals,3 goals or more,LAY,ATB,1.57,4.0,2.280000,998.371132,2017-04-30T13:06:49.059000Z,2017-04-30T13:06:57.052000Z,0.284024,EXIT_FOUND,exit_proxy
PLACE,1493557689750,2017-04-30T13:08:09.750000Z,3,MATCH_ODDS,Match Odds,Man City,BACK,ATL,1.3,4.0,4.000000,1000.935156,2017-04-30T13:08:13.272000Z,2017-04-30T13:08:18.219000Z,0.094488,EXIT_FOUND,placed
PLACE,1493557693000,2017-04-30T13:08:13Z,3,FIRST_HALF_GOALS_05,First Half Goals 0.5,Over 0.5 Goals,LAY,ATB,1.31,4.0,1.240000,996.935156,2017-04-30T13:08:18.452000Z,2017-04-30T13:08:21.881000Z,0.230216,EXIT_FOUND,placed
PLACE,1493557693250,2017-04-30T13:08:13.250000Z,3,MATCH_ODDS,Match Odds,Man City,LAY,ATB,1.26,4.0,1.040000,995.695156,2017-04-30T13:08:13.272000Z,2017-04-30T13:08:13.328000Z,0.031496,EXIT_FOUND,placed
PLACE,1493557693250,2017-04-30T13:08:13.250000Z,3,TOTAL_GOALS,Total Goals,3 goals or more,BACK,ATL,1.69,4.0,4.000000,994.655156,2017-04-30T13:08:13.272000Z,2017-04-30T13:08:15.566000Z,0.225,EXIT_FOUND,placed
FILL,1493557693500,2017-04-30T13:08:13.500000Z,3,MATCH_ODDS,Match Odds,Man City,BACK,ATL,1.3,4.0,4.000000,990.655156,2017-04-30T13:08:13.272000Z,2017-04-30T13:08:18.219000Z,0.094488,EXIT_FOUND,fill_proxy
FILL,1493557693500,2017-04-30T13:08:13.500000Z,3,MATCH_ODDS,Match Odds,Man City,LAY,ATB,1.26,4.0,1.040000,990.655156,2017-04-30T13:08:13.272000Z,2017-04-30T13:08:13.328000Z,0.031496,EXIT_FOUND,fill_proxy
FILL,1493557693500,2017-04-30T13:08:13.500000Z,3,TOTAL_GOALS,Total Goals,3 goals or more,BACK,ATL,1.69,4.0,4.000000,990.655156,2017-04-30T13:08:13.272000Z,2017-04-30T13:08:15.566000Z,0.225,EXIT_FOUND,fill_proxy
EXIT,1493557693750,2017-04-30T13:08:13.750000Z,3,MATCH_ODDS,Match Odds,Man City,LAY,ATB,1.26,4.0,1.040000,990.655156,2017-04-30T13:08:13.272000Z,2017-04-30T13:08:13.328000Z,0.031496,EXIT_FOUND,exit_proxy
EXIT,1493557695750,2017-04-30T13:08:15.750000Z,3,TOTAL_GOALS,Total Goals,3 goals or more,BACK,ATL,1.69,4.0,4.000000,991.726652,2017-04-30T13:08:13.272000Z,2017-04-30T13:08:15.566000Z,0.225,EXIT_FOUND,exit_proxy
EXIT,1493557698250,2017-04-30T13:08:18.250000Z,3,MATCH_ODDS,Match Odds,Man City,BACK,ATL,1.3,4.0,4.000000,995.951652,2017-04-30T13:08:13.272000Z,2017-04-30T13:08:18.219000Z,0.094488,EXIT_FOUND,exit_proxy
FILL,1493557698500,2017-04-30T13:08:18.500000Z,3,FIRST_HALF_GOALS_05,First Half Goals 0.5,Over 0.5 Goals,LAY,ATB,1.31,4.0,1.240000,1000.046140,2017-04-30T13:08:18.452000Z,2017-04-30T13:08:21.881000Z,0.230216,EXIT_FOUND,fill_proxy
EXIT,1493557702000,2017-04-30T13:08:22Z,3,FIRST_HALF_GOALS_05,First Half Goals 0.5,Over 0.5 Goals,LAY,ATB,1.31,4.0,1.240000,1000.046140,2017-04-30T13:08:18.452000Z,2017-04-30T13:08:21.881000Z,0.230216,EXIT_FOUND,exit_proxy
PLACE,1493557793500,2017-04-30T13:09:53.500000Z,4,MATCH_ODDS,Match Odds,Man City,BACK,ATL,1.3,4.0,4.000000,1001.516356,2017-04-30T13:09:55.722000Z,2017-04-30T13:09:55.946000Z,0.031008,EXIT_FOUND,placed
PLACE,1493557793500,2017-04-30T13:09:53.500000Z,4,MATCH_ODDS,Match Odds,Man City,LAY,ATB,1.27,4.0,1.080000,997.516356,2017-04-30T13:09:53.699000Z,2017-04-30T13:09:56.824000Z,0.092308,EXIT_FOUND,placed
FILL,1493557793750,2017-04-30T13:09:53.750000Z,4,MATCH_ODDS,Match Odds,Man City,LAY,ATB,1.27,4.0,1.080000,996.436356,2017-04-30T13:09:53.699000Z,2017-04-30T13:09:56.824000Z,0.092308,EXIT_FOUND,fill_proxy
PLACE,1493557794750,2017-04-30T13:09:54.750000Z,4,MATCH_ODDS,Match Odds,Man City,LAY,ATB,1.29,4.0,1.160000,996.436356,2017-04-30T13:09:54.842000Z,2017-04-30T13:09:56.824000Z,0.030769,EXIT_FOUND,placed
FILL,1493557795000,2017-04-30T13:09:55Z,4,MATCH_ODDS,Match Odds,Man City,LAY,ATB,1.29,4.0,1.160000,995.276356,2017-04-30T13:09:54.842000Z,2017-04-30T13:09:56.824000Z,0.030769,EXIT_FOUND,fill_proxy
FILL,1493557795750,2017-04-30T13:09:55.750000Z,4,MATCH_ODDS,Match Odds,Man City,BACK,ATL,1.3,4.0,4.000000,995.276356,2017-04-30T13:09:55.722000Z,2017-04-30T13:09:55.946000Z,0.031008,EXIT_FOUND,fill_proxy
EXIT,1493557796000,2017-04-30T13:09:56Z,4,MATCH_ODDS,Match Odds,Man City,BACK,ATL,1.3,4.0,4.000000,995.276356,2017-04-30T13:09:55.722000Z,2017-04-30T13:09:55.946000Z,0.031008,EXIT_FOUND,exit_proxy
PLACE,1493557796250,2017-04-30T13:09:56.250000Z,4,FIRST_HALF_GOALS_05,First Half Goals 0.5,Over 0.5 Goals,LAY,ATB,1.31,4.0,1.240000,999.307364,2017-04-30T13:10:02.388000Z,2017-04-30T13:10:05.589000Z,0.175182,EXIT_FOUND,placed
PLACE,1493557796500,2017-04-30T13:09:56.500000Z,4,OVER_UNDER_15,Over/Under 1.5 Goals,Over 1.5 Goals,LAY,ATB,1.2,4.0,0.800000,998.067364,2017-04-30T13:09:59.974000Z,2017-04-30T13:10:03.503000Z,0.390977,EXIT_FOUND,placed
PLACE,1493557796500,2017-04-30T13:09:56.500000Z,4,TOTAL_GOALS,Total Goals,2 goals or more,LAY,ATB,1.2,4.0,0.800000,997.267364,,,0.0,NO_FILL_PROXY,placed
EXIT,1493557797000,2017-04-30T13:09:57Z,4,MATCH_ODDS,Match Odds,Man City,LAY,ATB,1.27,4.0,1.080000,996.467364,2017-04-30T13:09:53.699000Z,2017-04-30T13:09:56.824000Z,0.092308,EXIT_FOUND,exit_proxy
EXIT,1493557797000,2017-04-30T13:09:57Z,4,MATCH_ODDS,Match Odds,Man City,LAY,ATB,1.29,4.0,1.160000,997.639672,2017-04-30T13:09:54.842000Z,2017-04-30T13:09:56.824000Z,0.030769,EXIT_FOUND,exit_proxy
FILL,1493557800000,2017-04-30T13:10:00Z,4,OVER_UNDER_15,Over/Under 1.5 Goals,Over 1.5 Goals,LAY,ATB,1.2,4.0,0.800000,998.830441,2017-04-30T13:09:59.974000Z,2017-04-30T13:10:03.503000Z,0.390977,EXIT_FOUND,fill_proxy
FILL,1493557802500,2017-04-30T13:10:02.500000Z,4,FIRST_HALF_GOALS_05,First Half Goals 0.5,Over 0.5 Goals,LAY,ATB,1.31,4.0,1.240000,998.830441,2017-04-30T13:10:02.388000Z,2017-04-30T13:10:05.589000Z,0.175182,EXIT_FOUND,fill_proxy
EXIT,1493557803750,2017-04-30T13:10:03.750000Z,4,OVER_UNDER_15,Over/Under 1.5 Goals,Over 1.5 Goals,LAY,ATB,1.2,4.0,0.800000,998.830441,2017-04-30T13:09:59.974000Z,2017-04-30T13:10:03.503000Z,0.390977,EXIT_FOUND,exit_proxy
EXIT,1493557805750,2017-04-30T13:10:05.750000Z,4,FIRST_HALF_GOALS_05,First Half Goals 0.5,Over 0.5 Goals,LAY,ATB,1.31,4.0,1.240000,1000.021418,2017-04-30T13:10:02.388000Z,2017-04-30T13:10:05.589000Z,0.175182,EXIT_FOUND,exit_proxy
PLACE,1493557917250,2017-04-30T13:11:57.250000Z,5,OVER_UNDER_35,Over/Under 3.5 Goals,Under 3.5 Goals,LAY,ATB,1.49,4.0,1.960000,1001.436600,2017-04-30T13:12:19.490000Z,2017-04-30T13:12:19.490000Z,0.298137,EXIT_FOUND,placed
PLACE,1493557920250,2017-04-30T13:12:00.250000Z,5,MATCH_ODDS,Match Odds,Man City,BACK,ATL,1.3,4.0,4.000000,999.476600,2017-04-30T13:12:01.218000Z,2017-04-30T13:12:01.714000Z,0.0625,EXIT_FOUND,placed
FILL,1493557921250,2017-04-30T13:12:01.250000Z,5,MATCH_ODDS,Match Odds,Man City,BACK,ATL,1.3,4.0,4.000000,995.476600,2017-04-30T13:12:01.218000Z,2017-04-30T13:12:01.714000Z,0.0625,EXIT_FOUND,fill_proxy
EXIT,1493557921750,2017-04-30T13:12:01.750000Z,5,MATCH_ODDS,Match Odds,Man City,BACK,ATL,1.3,4.0,4.000000,995.476600,2017-04-30T13:12:01.218000Z,2017-04-30T13:12:01.714000Z,0.0625,EXIT_FOUND,exit_proxy
PLACE,1493557921750,2017-04-30T13:12:01.750000Z,5,MATCH_ODDS,Match Odds,Man City,BACK,ATL,1.32,4.0,4.000000,999.539100,2017-04-30T13:12:03.043000Z,2017-04-30T13:12:03.227000Z,0.125,EXIT_FOUND,placed
PLACE,1493557921750,2017-04-30T13:12:01.750000Z,5,MATCH_ODDS,Match Odds,Man City,LAY,ATB,1.28,4.0,1.120000,995.539100,2017-04-30T13:12:18.754000Z,2017-04-30T13:12:19.609000Z,0.061538,EXIT_FOUND,placed
FILL,1493557923250,2017-04-30T13:12:03.250000Z,5,MATCH_ODDS,Match Odds,Man City,BACK,ATL,1.32,4.0,4.000000,994.419100,2017-04-30T13:12:03.043000Z,2017-04-30T13:12:03.227000Z,0.125,EXIT_FOUND,fill_proxy
EXIT,1493557923500,2017-04-30T13:12:03.500000Z,5,MATCH_ODDS,Match Odds,Man City,BACK,ATL,1.32,4.0,4.000000,994.419100,2017-04-30T13:12:03.043000Z,2017-04-30T13:12:03.227000Z,0.125,EXIT_FOUND,exit_proxy
FILL,1493557939000,2017-04-30T13:12:19Z,5,MATCH_ODDS,Match Odds,Man City,LAY,ATB,1.28,4.0,1.120000,998.544100,2017-04-30T13:12:18.754000Z,2017-04-30T13:12:19.609000Z,0.061538,EXIT_FOUND,fill_proxy
FILL,1493557939500,2017-04-30T13:12:19.500000Z,5,OVER_UNDER_35,Over/Under 3.5 Goals,Under 3.5 Goals,LAY,ATB,1.49,4.0,1.960000,998.544100,2017-04-30T13:12:19.490000Z,2017-04-30T13:12:19.490000Z,0.298137,EXIT_FOUND,fill_proxy
EXIT,1493557939750,2017-04-30T13:12:19.750000Z,5,OVER_UNDER_35,Over/Under 3.5 Goals,Under 3.5 Goals,LAY,ATB,1.49,4.0,1.960000,998.544100,2017-04-30T13:12:19.490000Z,2017-04-30T13:12:19.490000Z,0.298137,EXIT_FOUND,exit_proxy
EXIT,1493557939750,2017-04-30T13:12:19.750000Z,5,MATCH_ODDS,Match Odds,Man City,LAY,ATB,1.28,4.0,1.120000,1000.802237,2017-04-30T13:12:18.754000Z,2017-04-30T13:12:19.609000Z,0.061538,EXIT_FOUND,exit_proxy
PLACE,1493557978500,2017-04-30T13:12:58.500000Z,6,FIRST_HALF_GOALS_05,First Half Goals 0.5,Over 0.5 Goals,LAY,ATB,1.36,4.0,1.440000,1001.983775,2017-04-30T13:13:01.680000Z,2017-04-30T13:13:02.417000Z,0.222222,EXIT_FOUND,placed
PLACE,1493557979250,2017-04-30T13:12:59.250000Z,6,MATCH_ODDS,Match Odds,Man City,LAY,ATB,1.3,4.0,1.200000,1000.543775,2017-04-30T13:12:59.566000Z,2017-04-30T13:12:59.833000Z,0.090226,EXIT_FOUND,placed
FILL,1493557979750,2017-04-30T13:12:59.750000Z,6,MATCH_ODDS,Match Odds,Man City,LAY,ATB,1.3,4.0,1.200000,999.343775,2017-04-30T13:12:59.566000Z,2017-04-30T13:12:59.833000Z,0.090226,EXIT_FOUND,fill_proxy
EXIT,1493557980000,2017-04-30T13:13:00Z,6,MATCH_ODDS,Match Odds,Man City,LAY,ATB,1.3,4.0,1.200000,999.343775,2017-04-30T13:12:59.566000Z,2017-04-30T13:12:59.833000Z,0.090226,EXIT_FOUND,exit_proxy
PLACE,1493557980000,2017-04-30T13:13:00Z,6,MATCH_ODDS,Match Odds,Man City,LAY,ATB,1.29,4.0,1.160000,1000.634001,2017-04-30T13:13:00.452000Z,2017-04-30T13:13:02.300000Z,0.061069,EXIT_FOUND,placed
FILL,1493557980500,2017-04-30T13:13:00.500000Z,6,MATCH_ODDS,Match Odds,Man City,LAY,ATB,1.29,4.0,1.160000,999.474001,2017-04-30T13:13:00.452000Z,2017-04-30T13:13:02.300000Z,0.061069,EXIT_FOUND,fill_proxy
FILL,1493557981750,2017-04-30T13:13:01.750000Z,6,FIRST_HALF_GOALS_05,First Half Goals 0.5,Over 0.5 Goals,LAY,ATB,1.36,4.0,1.440000,999.474001,2017-04-30T13:13:01.680000Z,2017-04-30T13:13:02.417000Z,0.222222,EXIT_FOUND,fill_proxy
EXIT,1493557982500,2017-04-30T13:13:02.500000Z,6,FIRST_HALF_GOALS_05,First Half Goals 0.5,Over 0.5 Goals,LAY,ATB,1.36,4.0,1.440000,999.474001,2017-04-30T13:13:01.680000Z,2017-04-30T13:13:02.417000Z,0.222222,EXIT_FOUND,exit_proxy
EXIT,1493557982500,2017-04-30T13:13:02.500000Z,6,MATCH_ODDS,Match Odds,Man City,LAY,ATB,1.29,4.0,1.160000,1001.136223,2017-04-30T13:13:00.452000Z,2017-04-30T13:13:02.300000Z,0.061069,EXIT_FOUND,exit_proxy
PLACE,1493558192500,2017-04-30T13:16:32.500000Z,7,OVER_UNDER_35,Over/Under 3.5 Goals,Under 3.5 Goals,LAY,ATB,1.44,4.0,1.760000,1002.357292,2017-04-30T13:17:02.133000Z,2017-04-30T13:17:03.817000Z,0.25974,EXIT_FOUND,placed
PLACE,1493558192750,2017-04-30T13:16:32.750000Z,7,OVER_UNDER_15,Over/Under 1.5 Goals,Over 1.5 Goals,LAY,ATB,1.22,4.0,0.880000,1000.597292,2017-04-30T13:16:52.324000Z,2017-04-30T13:16:53.736000Z,0.330827,EXIT_FOUND,placed
PLACE,1493558193000,2017-04-30T13:16:33Z,7,OVER_UNDER_25,Over/Under 2.5 Goals,Over 2.5 Goals,LAY,ATB,1.69,4.0,2.760000,999.717292,2017-04-30T13:16:52.324000Z,2017-04-30T13:16:53.736000Z,0.365591,EXIT_FOUND,placed
PLACE,1493558194750,2017-04-30T13:16:34.750000Z,7,MATCH_ODDS,Match Odds,Man City,BACK,ATL,1.31,4.0,4.000000,996.957292,2017-04-30T13:16:35.933000Z,2017-04-30T13:16:38.494000Z,0.125984,EXIT_FOUND,placed
FILL,1493558196000,2017-04-30T13:16:36Z,7,MATCH_ODDS,Match Odds,Man City,BACK,ATL,1.31,4.0,4.000000,992.957292,2017-04-30T13:16:35.933000Z,2017-04-30T13:16:38.494000Z,0.125984,EXIT_FOUND,fill_proxy
EXIT,1493558198500,2017-04-30T13:16:38.500000Z,7,MATCH_ODDS,Match Odds,Man City,BACK,ATL,1.31,4.0,4.000000,992.957292,2017-04-30T13:16:35.933000Z,2017-04-30T13:16:38.494000Z,0.125984,EXIT_FOUND,exit_proxy
FILL,1493558212500,2017-04-30T13:16:52.500000Z,7,OVER_UNDER_15,Over/Under 1.5 Goals,Over 1.5 Goals,LAY,ATB,1.22,4.0,0.880000,997.083276,2017-04-30T13:16:52.324000Z,2017-04-30T13:16:53.736000Z,0.330827,EXIT_FOUND,fill_proxy
FILL,1493558212500,2017-04-30T13:16:52.500000Z,7,OVER_UNDER_25,Over/Under 2.5 Goals,Over 2.5 Goals,LAY,ATB,1.69,4.0,2.760000,997.083276,2017-04-30T13:16:52.324000Z,2017-04-30T13:16:53.736000Z,0.365591,EXIT_FOUND,fill_proxy
EXIT,1493558213750,2017-04-30T13:16:53.750000Z,7,OVER_UNDER_15,Over/Under 1.5 Goals,Over 1.5 Goals,LAY,ATB,1.22,4.0,0.880000,997.083276,2017-04-30T13:16:52.324000Z,2017-04-30T13:16:53.736000Z,0.330827,EXIT_FOUND,exit_proxy
EXIT,1493558213750,2017-04-30T13:16:53.750000Z,7,OVER_UNDER_25,Over/Under 2.5 Goals,Over 2.5 Goals,LAY,ATB,1.69,4.0,2.760000,998.294103,2017-04-30T13:16:52.324000Z,2017-04-30T13:16:53.736000Z,0.365591,EXIT_FOUND,exit_proxy
FILL,1493558222250,2017-04-30T13:17:02.250000Z,7,OVER_UNDER_35,Over/Under 3.5 Goals,Under 3.5 Goals,LAY,ATB,1.44,4.0,1.760000,1001.419694,2017-04-30T13:17:02.133000Z,2017-04-30T13:17:03.817000Z,0.25974,EXIT_FOUND,fill_proxy
EXIT,1493558224000,2017-04-30T13:17:04Z,7,OVER_UNDER_35,Over/Under 3.5 Goals,Under 3.5 Goals,LAY,ATB,1.44,4.0,1.760000,1001.419694,2017-04-30T13:17:02.133000Z,2017-04-30T13:17:03.817000Z,0.25974,EXIT_FOUND,exit_proxy
PLACE,1493558302000,2017-04-30T13:18:22Z,8,MATCH_ODDS,Match Odds,Man City,LAY,ATB,1.27,4.0,1.080000,1003.439434,2017-04-30T13:18:21.949000Z,2017-04-30T13:18:22.179000Z,0.180451,EXIT_FOUND,placed
FILL,1493558302250,2017-04-30T13:18:22.250000Z,8,MATCH_ODDS,Match Odds,Man City,LAY,ATB,1.27,4.0,1.080000,1002.359434,2017-04-30T13:18:21.949000Z,2017-04-30T13:18:22.179000Z,0.180451,EXIT_FOUND,fill_proxy
EXIT,1493558302500,2017-04-30T13:18:22.500000Z,8,MATCH_ODDS,Match Odds,Man City,LAY,ATB,1.27,4.0,1.080000,1002.359434,2017-04-30T13:18:21.949000Z,2017-04-30T13:18:22.179000Z,0.180451,EXIT_FOUND,exit_proxy
PLACE,1493558410250,2017-04-30T13:20:10.250000Z,9,TOTAL_GOALS,Total Goals,2 goals or more,LAY,ATB,1.26,4.0,1.040000,1003.619885,,,0.0,NO_FILL_PROXY,placed
PLACE,1493558411000,2017-04-30T13:20:11Z,9,OVER_UNDER_15,Over/Under 1.5 Goals,Over 1.5 Goals,LAY,ATB,1.26,4.0,1.040000,1002.579885,,,0.0,NO_FILL_PROXY,placed
PLACE,1493558411000,2017-04-30T13:20:11Z,9,MATCH_ODDS,Match Odds,Man City,LAY,ATB,1.29,4.0,1.160000,1001.539885,,,0.0,NO_FILL_PROXY,placed
PLACE,1493558411250,2017-04-30T13:20:11.250000Z,9,FIRST_HALF_GOALS_05,First Half Goals 0.5,Over 0.5 Goals,LAY,ATB,1.51,4.0,2.040000,1000.379885,2017-04-30T13:20:17.492000Z,2017-04-30T13:20:29.937000Z,0.248447,EXIT_FOUND,placed
PLACE,1493558412500,2017-04-30T13:20:12.500000Z,9,OVER_UNDER_15,Over/Under 1.5 Goals,Over 1.5 Goals,LAY,ATB,1.25,4.0,1.000000,998.339885,2017-04-30T13:20:22.134000Z,2017-04-30T13:20:29.067000Z,0.183206,EXIT_FOUND,placed
FILL,1493558417500,2017-04-30T13:20:17.500000Z,9,FIRST_HALF_GOALS_05,First Half Goals 0.5,Over 0.5 Goals,LAY,ATB,1.51,4.0,2.040000,997.339885,2017-04-30T13:20:17.492000Z,2017-04-30T13:20:29.937000Z,0.248447,EXIT_FOUND,fill_proxy
FILL,1493558422250,2017-04-30T13:20:22.250000Z,9,OVER_UNDER_15,Over/Under 1.5 Goals,Over 1.5 Goals,LAY,ATB,1.25,4.0,1.000000,997.339885,2017-04-30T13:20:22.134000Z,2017-04-30T13:20:29.067000Z,0.183206,EXIT_FOUND,fill_proxy
EXIT,1493558429250,2017-04-30T13:20:29.250000Z,9,OVER_UNDER_15,Over/Under 1.5 Goals,Over 1.5 Goals,LAY,ATB,1.25,4.0,1.000000,997.339885,2017-04-30T13:20:22.134000Z,2017-04-30T13:20:29.067000Z,0.183206,EXIT_FOUND,exit_proxy
EXIT,1493558430000,2017-04-30T13:20:30Z,9,FIRST_HALF_GOALS_05,First Half Goals 0.5,Over 0.5 Goals,LAY,ATB,1.51,4.0,2.040000,998.523091,2017-04-30T13:20:17.492000Z,2017-04-30T13:20:29.937000Z,0.248447,EXIT_FOUND,exit_proxy
PLACE,1493558452000,2017-04-30T13:20:52Z,10,OVER_UNDER_15,Over/Under 1.5 Goals,Over 1.5 Goals,LAY,ATB,1.26,4.0,1.040000,1000.811538,2017-04-30T13:20:52.672000Z,2017-04-30T13:21:00.768000Z,0.210526,EXIT_FOUND,placed
PLACE,1493558452500,2017-04-30T13:20:52.500000Z,10,OVER_UNDER_25,Over/Under 2.5 Goals,Over 2.5 Goals,LAY,ATB,1.8,4.0,3.200000,999.771538,2017-04-30T13:20:58.042000Z,2017-04-30T13:20:58.738000Z,0.38191,EXIT_FOUND,placed
FILL,1493558452750,2017-04-30T13:20:52.750000Z,10,OVER_UNDER_15,Over/Under 1.5 Goals,Over 1.5 Goals,LAY,ATB,1.26,4.0,1.040000,996.571538,2017-04-30T13:20:52.672000Z,2017-04-30T13:21:00.768000Z,0.210526,EXIT_FOUND,fill_proxy
PLACE,1493558454250,2017-04-30T13:20:54.250000Z,10,OVER_UNDER_15,Over/Under 1.5 Goals,Over 1.5 Goals,LAY,ATB,1.27,4.0,1.080000,996.571538,2017-04-30T13:20:56.916000Z,2017-04-30T13:21:00.768000Z,0.180451,EXIT_FOUND,placed
FILL,1493558457000,2017-04-30T13:20:57Z,10,OVER_UNDER_15,Over/Under 1.5 Goals,Over 1.5 Goals,LAY,ATB,1.27,4.0,1.080000,995.491538,2017-04-30T13:20:56.916000Z,2017-04-30T13:21:00.768000Z,0.180451,EXIT_FOUND,fill_proxy
FILL,1493558458250,2017-04-30T13:20:58.250000Z,10,OVER_UNDER_25,Over/Under 2.5 Goals,Over 2.5 Goals,LAY,ATB,1.8,4.0,3.200000,995.491538,2017-04-30T13:20:58.042000Z,2017-04-30T13:20:58.738000Z,0.38191,EXIT_FOUND,fill_proxy
EXIT,1493558458750,2017-04-30T13:20:58.750000Z,10,OVER_UNDER_25,Over/Under 2.5 Goals,Over 2.5 Goals,LAY,ATB,1.8,4.0,3.200000,995.491538,2017-04-30T13:20:58.042000Z,2017-04-30T13:20:58.738000Z,0.38191,EXIT_FOUND,exit_proxy
EXIT,1493558461000,2017-04-30T13:21:01Z,10,OVER_UNDER_15,Over/Under 1.5 Goals,Over 1.5 Goals,LAY,ATB,1.26,4.0,1.040000,999.073448,2017-04-30T13:20:52.672000Z,2017-04-30T13:21:00.768000Z,0.210526,EXIT_FOUND,exit_proxy
EXIT,1493558461000,2017-04-30T13:21:01Z,10,OVER_UNDER_15,Over/Under 1.5 Goals,Over 1.5 Goals,LAY,ATB,1.27,4.0,1.080000,1000.323974,2017-04-30T13:20:56.916000Z,2017-04-30T13:21:00.768000Z,0.180451,EXIT_FOUND,exit_proxy
PLACE,1493558525750,2017-04-30T13:22:05.750000Z,11,MATCH_ODDS,Match Odds,Man City,LAY,ATB,1.33,4.0,1.320000,1001.584425,2017-04-30T13:22:06.713000Z,2017-04-30T13:22:09.173000Z,0.116788,EXIT_FOUND,placed
FILL,1493558526750,2017-04-30T13:22:06.750000Z,11,MATCH_ODDS,Match Odds,Man City,LAY,ATB,1.33,4.0,1.320000,1000.264425,2017-04-30T13:22:06.713000Z,2017-04-30T13:22:09.173000Z,0.116788,EXIT_FOUND,fill_proxy
EXIT,1493558529250,2017-04-30T13:22:09.250000Z,11,MATCH_ODDS,Match Odds,Man City,LAY,ATB,1.33,4.0,1.320000,1000.264425,2017-04-30T13:22:06.713000Z,2017-04-30T13:22:09.173000Z,0.116788,EXIT_FOUND,exit_proxy
PLACE,1493558529250,2017-04-30T13:22:09.250000Z,11,OVER_UNDER_15,Over/Under 1.5 Goals,Over 1.5 Goals,LAY,ATB,1.28,4.0,1.120000,1001.701213,2017-04-30T13:22:34.852000Z,2017-04-30T13:22:43.907000Z,0.179104,EXIT_FOUND,placed
PLACE,1493558529250,2017-04-30T13:22:09.250000Z,11,MATCH_ODDS,Match Odds,Man City,LAY,ATB,1.3,4.0,1.200000,1000.581213,2017-04-30T13:22:20.471000Z,2017-04-30T13:22:25.931000Z,0.148148,EXIT_FOUND,placed
PLACE,1493558529250,2017-04-30T13:22:09.250000Z,11,TOTAL_GOALS,Total Goals,2 goals or more,LAY,ATB,1.28,4.0,1.120000,999.381213,2017-04-30T13:22:28.964000Z,2017-04-30T13:22:33.832000Z,0.121212,EXIT_FOUND,placed
FILL,1493558540500,2017-04-30T13:22:20.500000Z,11,MATCH_ODDS,Match Odds,Man City,LAY,ATB,1.3,4.0,1.200000,998.261213,2017-04-30T13:22:20.471000Z,2017-04-30T13:22:25.931000Z,0.148148,EXIT_FOUND,fill_proxy
EXIT,1493558546000,2017-04-30T13:22:26Z,11,MATCH_ODDS,Match Odds,Man City,LAY,ATB,1.3,4.0,1.200000,998.261213,2017-04-30T13:22:20.471000Z,2017-04-30T13:22:25.931000Z,0.148148,EXIT_FOUND,exit_proxy
FILL,1493558549000,2017-04-30T13:22:29Z,11,TOTAL_GOALS,Total Goals,2 goals or more,LAY,ATB,1.28,4.0,1.120000,999.609361,2017-04-30T13:22:28.964000Z,2017-04-30T13:22:33.832000Z,0.121212,EXIT_FOUND,fill_proxy
EXIT,1493558554000,2017-04-30T13:22:34Z,11,TOTAL_GOALS,Total Goals,2 goals or more,LAY,ATB,1.28,4.0,1.120000,999.609361,2017-04-30T13:22:28.964000Z,2017-04-30T13:22:33.832000Z,0.121212,EXIT_FOUND,exit_proxy
FILL,1493558555000,2017-04-30T13:22:35Z,11,OVER_UNDER_15,Over/Under 1.5 Goals,Over 1.5 Goals,LAY,ATB,1.28,4.0,1.120000,1000.850573,2017-04-30T13:22:34.852000Z,2017-04-30T13:22:43.907000Z,0.179104,EXIT_FOUND,fill_proxy
EXIT,1493558564000,2017-04-30T13:22:44Z,11,OVER_UNDER_15,Over/Under 1.5 Goals,Over 1.5 Goals,LAY,ATB,1.28,4.0,1.120000,1000.850573,2017-04-30T13:22:34.852000Z,2017-04-30T13:22:43.907000Z,0.179104,EXIT_FOUND,exit_proxy
PLACE,1493558694250,2017-04-30T13:24:54.250000Z,12,MATCH_ODDS,Match Odds,Man City,LAY,ATB,1.3,4.0,1.200000,1002.149677,2017-04-30T13:25:10.108000Z,2017-04-30T13:25:10.674000Z,0.231884,EXIT_FOUND,placed
FILL,1493558710250,2017-04-30T13:25:10.250000Z,12,MATCH_ODDS,Match Odds,Man City,LAY,ATB,1.3,4.0,1.200000,1000.949677,2017-04-30T13:25:10.108000Z,2017-04-30T13:25:10.674000Z,0.231884,EXIT_FOUND,fill_proxy
EXIT,1493558710750,2017-04-30T13:25:10.750000Z,12,MATCH_ODDS,Match Odds,Man City,LAY,ATB,1.3,4.0,1.200000,1000.949677,2017-04-30T13:25:10.108000Z,2017-04-30T13:25:10.674000Z,0.231884,EXIT_FOUND,exit_proxy
PLACE,1493558780000,2017-04-30T13:26:20Z,13,OVER_UNDER_15,Over/Under 1.5 Goals,Over 1.5 Goals,LAY,ATB,1.32,4.0,1.280000,1002.381561,2017-04-30T13:26:21.198000Z,2017-04-30T13:26:22.033000Z,0.228571,EXIT_FOUND,placed
PLACE,1493558781000,2017-04-30T13:26:21Z,13,TOTAL_GOALS,Total Goals,2 goals or more,BACK,ATL,1.36,4.0,4.000000,1001.101561,2017-04-30T13:26:50.758000Z,2017-04-30T13:27:05.482000Z,0.152672,EXIT_FOUND,placed
FILL,1493558781250,2017-04-30T13:26:21.250000Z,13,OVER_UNDER_15,Over/Under 1.5 Goals,Over 1.5 Goals,LAY,ATB,1.32,4.0,1.280000,997.101561,2017-04-30T13:26:21.198000Z,2017-04-30T13:26:22.033000Z,0.228571,EXIT_FOUND,fill_proxy
PLACE,1493558781750,2017-04-30T13:26:21.750000Z,13,MATCH_ODDS,Match Odds,Man City,LAY,ATB,1.32,4.0,1.280000,997.101561,,,0.0,NO_FILL_PROXY,placed
PLACE,1493558781750,2017-04-30T13:26:21.750000Z,13,MATCH_ODDS,Match Odds,Man City,BACK,ATL,1.47,4.0,4.000000,995.821561,2017-04-30T13:26:42.826000Z,2017-04-30T13:26:54.236000Z,0.38806,EXIT_FOUND,placed
EXIT,1493558782250,2017-04-30T13:26:22.250000Z,13,OVER_UNDER_15,Over/Under 1.5 Goals,Over 1.5 Goals,LAY,ATB,1.32,4.0,1.280000,991.821561,2017-04-30T13:26:21.198000Z,2017-04-30T13:26:22.033000Z,0.228571,EXIT_FOUND,exit_proxy
PLACE,1493558782500,2017-04-30T13:26:22.500000Z,13,OVER_UNDER_25,Over/Under 2.5 Goals,Over 2.5 Goals,LAY,ATB,2,4.0,4.000000,993.330132,2017-04-30T13:26:22.606000Z,2017-04-30T13:26:24.005000Z,0.261682,EXIT_FOUND,placed
FILL,1493558782750,2017-04-30T13:26:22.750000Z,13,OVER_UNDER_25,Over/Under 2.5 Goals,Over 2.5 Goals,LAY,ATB,2,4.0,4.000000,989.330132,2017-04-30T13:26:22.606000Z,2017-04-30T13:26:24.005000Z,0.261682,EXIT_FOUND,fill_proxy
PLACE,1493558784000,2017-04-30T13:26:24Z,13,TOTAL_GOALS,Total Goals,2 goals or more,LAY,ATB,1.32,4.0,1.280000,989.330132,,,0.0,NO_FILL_PROXY,placed
EXIT,1493558784250,2017-04-30T13:26:24.250000Z,13,OVER_UNDER_25,Over/Under 2.5 Goals,Over 2.5 Goals,LAY,ATB,2,4.0,4.000000,988.050132,2017-04-30T13:26:22.606000Z,2017-04-30T13:26:24.005000Z,0.261682,EXIT_FOUND,exit_proxy
FILL,1493558803000,2017-04-30T13:26:43Z,13,MATCH_ODDS,Match Odds,Man City,BACK,ATL,1.47,4.0,4.000000,992.311814,2017-04-30T13:26:42.826000Z,2017-04-30T13:26:54.236000Z,0.38806,EXIT_FOUND,fill_proxy
FILL,1493558811000,2017-04-30T13:26:51Z,13,TOTAL_GOALS,Total Goals,2 goals or more,BACK,ATL,1.36,4.0,4.000000,992.311814,2017-04-30T13:26:50.758000Z,2017-04-30T13:27:05.482000Z,0.152672,EXIT_FOUND,fill_proxy
EXIT,1493558814250,2017-04-30T13:26:54.250000Z,13,MATCH_ODDS,Match Odds,Man City,BACK,ATL,1.47,4.0,4.000000,992.311814,2017-04-30T13:26:42.826000Z,2017-04-30T13:26:54.236000Z,0.38806,EXIT_FOUND,exit_proxy
EXIT,1493558825500,2017-04-30T13:27:05.500000Z,13,TOTAL_GOALS,Total Goals,2 goals or more,BACK,ATL,1.36,4.0,4.000000,996.699874,2017-04-30T13:26:50.758000Z,2017-04-30T13:27:05.482000Z,0.152672,EXIT_FOUND,exit_proxy
PLACE,1493558845000,2017-04-30T13:27:25Z,14,OVER_UNDER_15,Over/Under 1.5 Goals,Over 1.5 Goals,LAY,ATB,1.33,4.0,1.320000,1000.852546,2017-04-30T13:27:28.973000Z,2017-04-30T13:27:29.152000Z,0.059259,EXIT_FOUND,placed
PLACE,1493558845000,2017-04-30T13:27:25Z,14,MATCH_ODDS,Match Odds,Man City,LAY,ATB,1.33,4.0,1.320000,999.532546,2017-04-30T13:27:26.616000Z,2017-04-30T13:27:27.842000Z,0.172662,EXIT_FOUND,placed
PLACE,1493558845000,2017-04-30T13:27:25Z,14,MATCH_ODDS,Match Odds,Man City,LAY,ATB,1.37,4.0,1.480000,998.212546,2017-04-30T13:27:28.464000Z,2017-04-30T13:27:29.255000Z,0.464516,EXIT_FOUND,placed
PLACE,1493558845250,2017-04-30T13:27:25.250000Z,14,OVER_UNDER_25,Over/Under 2.5 Goals,Over 2.5 Goals,LAY,ATB,2.02,4.0,4.080000,996.732546,2017-04-30T13:27:25.242000Z,2017-04-30T13:27:25.242000Z,0.259259,EXIT_FOUND,placed
FILL,1493558845500,2017-04-30T13:27:25.500000Z,14,OVER_UNDER_25,Over/Under 2.5 Goals,Over 2.5 Goals,LAY,ATB,2.02,4.0,4.080000,992.652546,2017-04-30T13:27:25.242000Z,2017-04-30T13:27:25.242000Z,0.259259,EXIT_FOUND,fill_proxy
EXIT,1493558845750,2017-04-30T13:27:25.750000Z,14,OVER_UNDER_25,Over/Under 2.5 Goals,Over 2.5 Goals,LAY,ATB,2.02,4.0,4.080000,992.652546,2017-04-30T13:27:25.242000Z,2017-04-30T13:27:25.242000Z,0.259259,EXIT_FOUND,exit_proxy
FILL,1493558846750,2017-04-30T13:27:26.750000Z,14,MATCH_ODDS,Match Odds,Man City,LAY,ATB,1.33,4.0,1.320000,996.991805,2017-04-30T13:27:26.616000Z,2017-04-30T13:27:27.842000Z,0.172662,EXIT_FOUND,fill_proxy
EXIT,1493558848000,2017-04-30T13:27:28Z,14,MATCH_ODDS,Match Odds,Man City,LAY,ATB,1.33,4.0,1.320000,996.991805,2017-04-30T13:27:26.616000Z,2017-04-30T13:27:27.842000Z,0.172662,EXIT_FOUND,exit_proxy
FILL,1493558848500,2017-04-30T13:27:28.500000Z,14,MATCH_ODDS,Match Odds,Man City,LAY,ATB,1.37,4.0,1.480000,998.484467,2017-04-30T13:27:28.464000Z,2017-04-30T13:27:29.255000Z,0.464516,EXIT_FOUND,fill_proxy
FILL,1493558849000,2017-04-30T13:27:29Z,14,OVER_UNDER_15,Over/Under 1.5 Goals,Over 1.5 Goals,LAY,ATB,1.33,4.0,1.320000,998.484467,2017-04-30T13:27:28.973000Z,2017-04-30T13:27:29.152000Z,0.059259,EXIT_FOUND,fill_proxy
EXIT,1493558849250,2017-04-30T13:27:29.250000Z,14,OVER_UNDER_15,Over/Under 1.5 Goals,Over 1.5 Goals,LAY,ATB,1.33,4.0,1.320000,998.484467,2017-04-30T13:27:28.973000Z,2017-04-30T13:27:29.152000Z,0.059259,EXIT_FOUND,exit_proxy
EXIT,1493558849500,2017-04-30T13:27:29.500000Z,14,MATCH_ODDS,Match Odds,Man City,LAY,ATB,1.37,4.0,1.480000,999.863726,2017-04-30T13:27:28.464000Z,2017-04-30T13:27:29.255000Z,0.464516,EXIT_FOUND,exit_proxy
PLACE,1493558894500,2017-04-30T13:28:14.500000Z,15,OVER_UNDER_35,Over/Under 3.5 Goals,Under 3.5 Goals,LAY,ATB,1.3,4.0,1.200000,1001.808242,2017-04-30T13:28:34.522000Z,2017-04-30T13:28:36.436000Z,0.148148,EXIT_FOUND,placed
PLACE,1493558894500,2017-04-30T13:28:14.500000Z,15,TOTAL_GOALS,Total Goals,2 goals or more,BACK,ATL,1.38,4.0,4.000000,1000.608242,2017-04-30T13:28:29.274000Z,2017-04-30T13:28:31.695000Z,0.119403,EXIT_FOUND,placed
PLACE,1493558895000,2017-04-30T13:28:15Z,15,TOTAL_GOALS,Total Goals,2 goals or more,LAY,ATB,1.34,4.0,1.360000,996.608242,,,0.0,NO_FILL_PROXY,placed
PLACE,1493558895000,2017-04-30T13:28:15Z,15,OVER_UNDER_25,Over/Under 2.5 Goals,Over 2.5 Goals,LAY,ATB,1.99,4.0,3.960000,995.248242,2017-04-30T13:28:29.779000Z,2017-04-30T13:28:32.902000Z,0.314815,EXIT_FOUND,placed
PLACE,1493558895250,2017-04-30T13:28:15.250000Z,15,FIRST_HALF_GOALS_05,First Half Goals 0.5,Over 0.5 Goals,LAY,ATB,1.78,4.0,3.120000,991.288242,,,0.0,NO_FILL_PROXY,placed
FILL,1493558909500,2017-04-30T13:28:29.500000Z,15,TOTAL_GOALS,Total Goals,2 goals or more,BACK,ATL,1.38,4.0,4.000000,988.168242,2017-04-30T13:28:29.274000Z,2017-04-30T13:28:31.695000Z,0.119403,EXIT_FOUND,fill_proxy
FILL,1493558910000,2017-04-30T13:28:30Z,15,OVER_UNDER_25,Over/Under 2.5 Goals,Over 2.5 Goals,LAY,ATB,1.99,4.0,3.960000,988.168242,2017-04-30T13:28:29.779000Z,2017-04-30T13:28:32.902000Z,0.314815,EXIT_FOUND,fill_proxy
EXIT,1493558911750,2017-04-30T13:28:31.750000Z,15,TOTAL_GOALS,Total Goals,2 goals or more,BACK,ATL,1.38,4.0,4.000000,988.168242,2017-04-30T13:28:29.274000Z,2017-04-30T13:28:31.695000Z,0.119403,EXIT_FOUND,exit_proxy
EXIT,1493558913000,2017-04-30T13:28:33Z,15,OVER_UNDER_25,Over/Under 2.5 Goals,Over 2.5 Goals,LAY,ATB,1.99,4.0,3.960000,992.287645,2017-04-30T13:28:29.779000Z,2017-04-30T13:28:32.902000Z,0.314815,EXIT_FOUND,exit_proxy
FILL,1493558914750,2017-04-30T13:28:34.750000Z,15,OVER_UNDER_35,Over/Under 3.5 Goals,Under 3.5 Goals,LAY,ATB,1.3,4.0,1.200000,996.562460,2017-04-30T13:28:34.522000Z,2017-04-30T13:28:36.436000Z,0.148148,EXIT_FOUND,fill_proxy
EXIT,1493558916500,2017-04-30T13:28:36.500000Z,15,OVER_UNDER_35,Over/Under 3.5 Goals,Under 3.5 Goals,LAY,ATB,1.3,4.0,1.200000,996.562460,2017-04-30T13:28:34.522000Z,2017-04-30T13:28:36.436000Z,0.148148,EXIT_FOUND,exit_proxy
PLACE,1493558965250,2017-04-30T13:29:25.250000Z,16,MATCH_ODDS,Match Odds,Man City,BACK,ATL,1.41,4.0,4.000000,997.910608,2017-04-30T13:29:25.071000Z,2017-04-30T13:29:31.668000Z,0.086957,EXIT_FOUND,placed
FILL,1493558965500,2017-04-30T13:29:25.500000Z,16,MATCH_ODDS,Match Odds,Man City,BACK,ATL,1.41,4.0,4.000000,993.910608,2017-04-30T13:29:25.071000Z,2017-04-30T13:29:31.668000Z,0.086957,EXIT_FOUND,fill_proxy
PLACE,1493558967250,2017-04-30T13:29:27.250000Z,16,FIRST_HALF_GOALS_05,First Half Goals 0.5,Over 0.5 Goals,LAY,ATB,1.83,4.0,3.320000,993.910608,2017-04-30T13:29:52.435000Z,2017-04-30T13:29:55.094000Z,0.321608,EXIT_FOUND,placed
PLACE,1493558967500,2017-04-30T13:29:27.500000Z,16,OVER_UNDER_15,Over/Under 1.5 Goals,Over 1.5 Goals,LAY,ATB,1.38,4.0,1.520000,990.590608,2017-04-30T13:29:30.461000Z,2017-04-30T13:29:31.155000Z,0.057143,EXIT_FOUND,placed
FILL,1493558970500,2017-04-30T13:29:30.500000Z,16,OVER_UNDER_15,Over/Under 1.5 Goals,Over 1.5 Goals,LAY,ATB,1.38,4.0,1.520000,989.070608,2017-04-30T13:29:30.461000Z,2017-04-30T13:29:31.155000Z,0.057143,EXIT_FOUND,fill_proxy
EXIT,1493558971250,2017-04-30T13:29:31.250000Z,16,OVER_UNDER_15,Over/Under 1.5 Goals,Over 1.5 Goals,LAY,ATB,1.38,4.0,1.520000,989.070608,2017-04-30T13:29:30.461000Z,2017-04-30T13:29:31.155000Z,0.057143,EXIT_FOUND,exit_proxy
EXIT,1493558971750,2017-04-30T13:29:31.750000Z,16,MATCH_ODDS,Match Odds,Man City,BACK,ATL,1.41,4.0,4.000000,990.647751,2017-04-30T13:29:25.071000Z,2017-04-30T13:29:31.668000Z,0.086957,EXIT_FOUND,exit_proxy
FILL,1493558992500,2017-04-30T13:29:52.500000Z,16,FIRST_HALF_GOALS_05,First Half Goals 0.5,Over 0.5 Goals,LAY,ATB,1.83,4.0,3.320000,994.734708,2017-04-30T13:29:52.435000Z,2017-04-30T13:29:55.094000Z,0.321608,EXIT_FOUND,fill_proxy
EXIT,1493558995250,2017-04-30T13:29:55.250000Z,16,FIRST_HALF_GOALS_05,First Half Goals 0.5,Over 0.5 Goals,LAY,ATB,1.83,4.0,3.320000,994.734708,2017-04-30T13:29:52.435000Z,2017-04-30T13:29:55.094000Z,0.321608,EXIT_FOUND,exit_proxy
PLACE,1493559041250,2017-04-30T13:30:41.250000Z,17,MATCH_ODDS,Match Odds,Man City,LAY,ATB,1.35,4.0,1.400000,998.376316,2017-04-30T13:30:41.308000Z,2017-04-30T13:30:42.022000Z,0.142857,EXIT_FOUND,placed
FILL,1493559041500,2017-04-30T13:30:41.500000Z,17,MATCH_ODDS,Match Odds,Man City,LAY,ATB,1.35,4.0,1.400000,996.976316,2017-04-30T13:30:41.308000Z,2017-04-30T13:30:42.022000Z,0.142857,EXIT_FOUND,fill_proxy
EXIT,1493559042250,2017-04-30T13:30:42.250000Z,17,MATCH_ODDS,Match Odds,Man City,LAY,ATB,1.35,4.0,1.400000,996.976316,2017-04-30T13:30:41.308000Z,2017-04-30T13:30:42.022000Z,0.142857,EXIT_FOUND,exit_proxy
PLACE,1493559043750,2017-04-30T13:30:43.750000Z,17,MATCH_ODDS,Match Odds,Man City,LAY,ATB,1.33,4.0,1.320000,998.519173,2017-04-30T13:30:58.735000Z,2017-04-30T13:31:01.975000Z,0.253521,EXIT_FOUND,placed
PLACE,1493559044500,2017-04-30T13:30:44.500000Z,17,OVER_UNDER_35,Over/Under 3.5 Goals,Under 3.5 Goals,LAY,ATB,1.29,4.0,1.160000,997.199173,2017-04-30T13:31:00.600000Z,2017-04-30T13:31:05.522000Z,0.177778,EXIT_FOUND,placed
FILL,1493559058750,2017-04-30T13:30:58.750000Z,17,MATCH_ODDS,Match Odds,Man City,LAY,ATB,1.33,4.0,1.320000,996.039173,2017-04-30T13:30:58.735000Z,2017-04-30T13:31:01.975000Z,0.253521,EXIT_FOUND,fill_proxy
FILL,1493559060750,2017-04-30T13:31:00.750000Z,17,OVER_UNDER_35,Over/Under 3.5 Goals,Under 3.5 Goals,LAY,ATB,1.29,4.0,1.160000,996.039173,2017-04-30T13:31:00.600000Z,2017-04-30T13:31:05.522000Z,0.177778,EXIT_FOUND,fill_proxy
EXIT,1493559062000,2017-04-30T13:31:02Z,17,MATCH_ODDS,Match Odds,Man City,LAY,ATB,1.33,4.0,1.320000,996.039173,2017-04-30T13:30:58.735000Z,2017-04-30T13:31:01.975000Z,0.253521,EXIT_FOUND,exit_proxy
EXIT,1493559065750,2017-04-30T13:31:05.750000Z,17,OVER_UNDER_35,Over/Under 3.5 Goals,Under 3.5 Goals,LAY,ATB,1.29,4.0,1.160000,997.612694,2017-04-30T13:31:00.600000Z,2017-04-30T13:31:05.522000Z,0.177778,EXIT_FOUND,exit_proxy
PLACE,1493559322000,2017-04-30T13:35:22Z,18,OVER_UNDER_35,Over/Under 3.5 Goals,Under 3.5 Goals,LAY,ATB,1.23,4.0,0.920000,998.950472,2017-04-30T13:35:25.855000Z,2017-04-30T13:35:42.282000Z,0.095238,EXIT_FOUND,placed
PLACE,1493559322000,2017-04-30T13:35:22Z,18,MATCH_ODDS,Match Odds,Man City,LAY,ATB,1.4,4.0,1.600000,998.030472,2017-04-30T13:35:29.604000Z,2017-04-30T13:35:29.929000Z,0.266667,EXIT_FOUND,placed
PLACE,1493559323250,2017-04-30T13:35:23.250000Z,18,OVER_UNDER_15,Over/Under 1.5 Goals,Over 1.5 Goals,LAY,ATB,1.46,4.0,1.840000,996.430472,,,0.0,NO_FILL_PROXY,placed
FILL,1493559326000,2017-04-30T13:35:26Z,18,OVER_UNDER_35,Over/Under 3.5 Goals,Under 3.5 Goals,LAY,ATB,1.23,4.0,0.920000,994.590472,2017-04-30T13:35:25.855000Z,2017-04-30T13:35:42.282000Z,0.095238,EXIT_FOUND,fill_proxy
FILL,1493559329750,2017-04-30T13:35:29.750000Z,18,MATCH_ODDS,Match Odds,Man City,LAY,ATB,1.4,4.0,1.600000,994.590472,2017-04-30T13:35:29.604000Z,2017-04-30T13:35:29.929000Z,0.266667,EXIT_FOUND,fill_proxy
EXIT,1493559330000,2017-04-30T13:35:30Z,18,MATCH_ODDS,Match Odds,Man City,LAY,ATB,1.4,4.0,1.600000,994.590472,2017-04-30T13:35:29.604000Z,2017-04-30T13:35:29.929000Z,0.266667,EXIT_FOUND,exit_proxy
EXIT,1493559342500,2017-04-30T13:35:42.500000Z,18,OVER_UNDER_35,Over/Under 3.5 Goals,Under 3.5 Goals,LAY,ATB,1.23,4.0,0.920000,996.457139,2017-04-30T13:35:25.855000Z,2017-04-30T13:35:42.282000Z,0.095238,EXIT_FOUND,exit_proxy
PLACE,1493559422000,2017-04-30T13:37:02Z,19,OVER_UNDER_15,Over/Under 1.5 Goals,Over 1.5 Goals,LAY,ATB,1.47,4.0,1.880000,997.472377,2017-04-30T13:37:09.527000Z,2017-04-30T13:37:11.471000Z,0.181818,EXIT_FOUND,placed
PLACE,1493559427750,2017-04-30T13:37:07.750000Z,19,OVER_UNDER_15,Over/Under 1.5 Goals,Over 1.5 Goals,LAY,ATB,1.49,4.0,1.960000,995.592377,,,0.0,NO_FILL_PROXY,placed
FILL,1493559429750,2017-04-30T13:37:09.750000Z,19,OVER_UNDER_15,Over/Under 1.5 Goals,Over 1.5 Goals,LAY,ATB,1.47,4.0,1.880000,993.632377,2017-04-30T13:37:09.527000Z,2017-04-30T13:37:11.471000Z,0.181818,EXIT_FOUND,fill_proxy
EXIT,1493559431500,2017-04-30T13:37:11.500000Z,19,OVER_UNDER_15,Over/Under 1.5 Goals,Over 1.5 Goals,LAY,ATB,1.47,4.0,1.880000,993.632377,2017-04-30T13:37:09.527000Z,2017-04-30T13:37:11.471000Z,0.181818,EXIT_FOUND,exit_proxy
PLACE,1493559497250,2017-04-30T13:38:17.250000Z,20,MATCH_ODDS,Match Odds,Man City,BACK,ATL,1.48,4.0,4.000000,995.694195,2017-04-30T13:38:17.541000Z,2017-04-30T13:38:17.817000Z,0.054795,EXIT_FOUND,placed
FILL,1493559497750,2017-04-30T13:38:17.750000Z,20,MATCH_ODDS,Match Odds,Man City,BACK,ATL,1.48,4.0,4.000000,991.694195,2017-04-30T13:38:17.541000Z,2017-04-30T13:38:17.817000Z,0.054795,EXIT_FOUND,fill_proxy
EXIT,1493559498000,2017-04-30T13:38:18Z,20,MATCH_ODDS,Match Odds,Man City,BACK,ATL,1.48,4.0,4.000000,991.694195,2017-04-30T13:38:17.541000Z,2017-04-30T13:38:17.817000Z,0.054795,EXIT_FOUND,exit_proxy
PLACE,1493559499000,2017-04-30T13:38:19Z,20,MATCH_ODDS,Match Odds,Man City,LAY,ATB,1.41,4.0,1.640000,995.748990,,,0.0,NO_FILL_PROXY,placed
PLACE,1493559537000,2017-04-30T13:38:57Z,21,MATCH_ODDS,Match Odds,Man City,BACK,ATL,1.6,4.0,4.000000,994.108990,2017-04-30T13:38:57.570000Z,2017-04-30T13:38:58.979000Z,0.507042,EXIT_FOUND,placed
FILL,1493559537750,2017-04-30T13:38:57.750000Z,21,MATCH_ODDS,Match Odds,Man City,BACK,ATL,1.6,4.0,4.000000,990.108990,2017-04-30T13:38:57.570000Z,2017-04-30T13:38:58.979000Z,0.507042,EXIT_FOUND,fill_proxy
EXIT,1493559539000,2017-04-30T13:38:59Z,21,MATCH_ODDS,Match Odds,Man City,BACK,ATL,1.6,4.0,4.000000,990.108990,2017-04-30T13:38:57.570000Z,2017-04-30T13:38:58.979000Z,0.507042,EXIT_FOUND,exit_proxy
PLACE,1493559539250,2017-04-30T13:38:59.250000Z,21,TOTAL_GOALS,Total Goals,2 goals or more,LAY,ATB,1.51,4.0,2.040000,994.616032,2017-04-30T13:39:27.906000Z,2017-04-30T13:39:38.384000Z,0.271605,EXIT_FOUND,placed
FILL,1493559568000,2017-04-30T13:39:28Z,21,TOTAL_GOALS,Total Goals,2 goals or more,LAY,ATB,1.51,4.0,2.040000,992.576032,2017-04-30T13:39:27.906000Z,2017-04-30T13:39:38.384000Z,0.271605,EXIT_FOUND,fill_proxy
EXIT,1493559578500,2017-04-30T13:39:38.500000Z,21,TOTAL_GOALS,Total Goals,2 goals or more,LAY,ATB,1.51,4.0,2.040000,992.576032,2017-04-30T13:39:27.906000Z,2017-04-30T13:39:38.384000Z,0.271605,EXIT_FOUND,exit_proxy
PLACE,1493559596000,2017-04-30T13:39:56Z,22,MATCH_ODDS,Match Odds,Man City,BACK,ATL,1.49,4.0,4.000000,994.887637,2017-04-30T13:39:56.058000Z,2017-04-30T13:39:56.154000Z,0.318841,EXIT_FOUND,placed
FILL,1493559596250,2017-04-30T13:39:56.250000Z,22,MATCH_ODDS,Match Odds,Man City,BACK,ATL,1.49,4.0,4.000000,990.887637,2017-04-30T13:39:56.058000Z,2017-04-30T13:39:56.154000Z,0.318841,EXIT_FOUND,fill_proxy
EXIT,1493559596500,2017-04-30T13:39:56.500000Z,22,MATCH_ODDS,Match Odds,Man City,BACK,ATL,1.49,4.0,4.000000,990.887637,2017-04-30T13:39:56.058000Z,2017-04-30T13:39:56.154000Z,0.318841,EXIT_FOUND,exit_proxy
PLACE,1493559735750,2017-04-30T13:42:15.750000Z,24,MATCH_ODDS,Match Odds,Man City,LAY,ATB,1.4,4.0,1.600000,995.206478,2017-04-30T13:42:19.656000Z,2017-04-30T13:42:21.641000Z,0.339869,EXIT_FOUND,placed
FILL,1493559739750,2017-04-30T13:42:19.750000Z,24,MATCH_ODDS,Match Odds,Man City,LAY,ATB,1.4,4.0,1.600000,993.606478,2017-04-30T13:42:19.656000Z,2017-04-30T13:42:21.641000Z,0.339869,EXIT_FOUND,fill_proxy
EXIT,1493559741750,2017-04-30T13:42:21.750000Z,24,MATCH_ODDS,Match Odds,Man City,LAY,ATB,1.4,4.0,1.600000,993.606478,2017-04-30T13:42:19.656000Z,2017-04-30T13:42:21.641000Z,0.339869,EXIT_FOUND,exit_proxy
PLACE,1493561596000,2017-04-30T14:13:16Z,26,OVER_UNDER_35,Over/Under 3.5 Goals,Under 3.5 Goals,LAY,ATB,1.24,4.0,0.960000,995.546347,,,0.0,NO_FILL_PROXY,placed
PLACE,1493561597000,2017-04-30T14:13:17Z,26,OVER_UNDER_35,Over/Under 3.5 Goals,Under 3.5 Goals,LAY,ATB,1.27,4.0,1.080000,994.586347,2017-04-30T14:13:34.464000Z,2017-04-30T14:13:40.855000Z,0.208955,EXIT_FOUND,placed
PLACE,1493561597000,2017-04-30T14:13:17Z,26,TEAM_TOTAL_GOALS,Man City Total Goals,1 goals or more,LAY,ATB,1.28,4.0,1.120000,993.506347,2017-04-30T14:13:25.051000Z,2017-04-30T14:13:31.242000Z,0.179104,EXIT_FOUND,placed
PLACE,1493561598750,2017-04-30T14:13:18.750000Z,26,OVER_UNDER_35,Over/Under 3.5 Goals,Under 3.5 Goals,LAY,ATB,1.25,4.0,1.000000,992.386347,2017-04-30T14:13:31.298000Z,2017-04-30T14:13:34.131000Z,0.240602,EXIT_FOUND,placed
FILL,1493561605250,2017-04-30T14:13:25.250000Z,26,TEAM_TOTAL_GOALS,Man City Total Goals,1 goals or more,LAY,ATB,1.28,4.0,1.120000,991.386347,2017-04-30T14:13:25.051000Z,2017-04-30T14:13:31.242000Z,0.179104,EXIT_FOUND,fill_proxy
EXIT,1493561611250,2017-04-30T14:13:31.250000Z,26,TEAM_TOTAL_GOALS,Man City Total Goals,1 goals or more,LAY,ATB,1.28,4.0,1.120000,991.386347,2017-04-30T14:13:25.051000Z,2017-04-30T14:13:31.242000Z,0.179104,EXIT_FOUND,exit_proxy
FILL,1493561611500,2017-04-30T14:13:31.500000Z,26,OVER_UNDER_35,Over/Under 3.5 Goals,Under 3.5 Goals,LAY,ATB,1.25,4.0,1.000000,992.685451,2017-04-30T14:13:31.298000Z,2017-04-30T14:13:34.131000Z,0.240602,EXIT_FOUND,fill_proxy
EXIT,1493561614250,2017-04-30T14:13:34.250000Z,26,OVER_UNDER_35,Over/Under 3.5 Goals,Under 3.5 Goals,LAY,ATB,1.25,4.0,1.000000,992.685451,2017-04-30T14:13:31.298000Z,2017-04-30T14:13:34.131000Z,0.240602,EXIT_FOUND,exit_proxy
FILL,1493561614500,2017-04-30T14:13:34.500000Z,26,OVER_UNDER_35,Over/Under 3.5 Goals,Under 3.5 Goals,LAY,ATB,1.27,4.0,1.080000,993.926053,2017-04-30T14:13:34.464000Z,2017-04-30T14:13:40.855000Z,0.208955,EXIT_FOUND,fill_proxy
EXIT,1493561621000,2017-04-30T14:13:41Z,26,OVER_UNDER_35,Over/Under 3.5 Goals,Under 3.5 Goals,LAY,ATB,1.27,4.0,1.080000,993.926053,2017-04-30T14:13:34.464000Z,2017-04-30T14:13:40.855000Z,0.208955,EXIT_FOUND,exit_proxy
PLACE,1493561782750,2017-04-30T14:16:22.750000Z,27,OVER_UNDER_35,Over/Under 3.5 Goals,Under 3.5 Goals,LAY,ATB,1.2,4.0,0.800000,995.215008,2017-04-30T14:16:37.838000Z,2017-04-30T14:16:38.063000Z,0.25,EXIT_FOUND,placed
PLACE,1493561783000,2017-04-30T14:16:23Z,27,OVER_UNDER_15,Over/Under 1.5 Goals,Over 1.5 Goals,LAY,ATB,1.22,4.0,0.880000,994.415008,2017-04-30T14:16:24.624000Z,2017-04-30T14:16:24.725000Z,0.15748,EXIT_FOUND,placed
FILL,1493561784750,2017-04-30T14:16:24.750000Z,27,OVER_UNDER_15,Over/Under 1.5 Goals,Over 1.5 Goals,LAY,ATB,1.22,4.0,0.880000,993.535008,2017-04-30T14:16:24.624000Z,2017-04-30T14:16:24.725000Z,0.15748,EXIT_FOUND,fill_proxy
EXIT,1493561785000,2017-04-30T14:16:25Z,27,OVER_UNDER_15,Over/Under 1.5 Goals,Over 1.5 Goals,LAY,ATB,1.22,4.0,0.880000,993.535008,2017-04-30T14:16:24.624000Z,2017-04-30T14:16:24.725000Z,0.15748,EXIT_FOUND,exit_proxy
PLACE,1493561785250,2017-04-30T14:16:25.250000Z,27,OVER_UNDER_25,Over/Under 2.5 Goals,Under 2.5 Goals,LAY,ATB,1.51,4.0,2.040000,994.572488,,,0.0,NO_FILL_PROXY,placed
PLACE,1493561785250,2017-04-30T14:16:25.250000Z,27,OVER_UNDER_25,Over/Under 2.5 Goals,Under 2.5 Goals,LAY,ATB,1.76,4.0,3.040000,992.532488,2017-04-30T14:16:30.293000Z,2017-04-30T14:16:32.868000Z,0.408163,EXIT_FOUND,placed
PLACE,1493561786500,2017-04-30T14:16:26.500000Z,27,TOTAL_GOALS,Total Goals,2 goals or more,LAY,ATB,1.22,4.0,0.880000,989.492488,2017-04-30T14:16:49.922000Z,2017-04-30T14:16:54.229000Z,0.15748,EXIT_FOUND,placed
FILL,1493561790500,2017-04-30T14:16:30.500000Z,27,OVER_UNDER_25,Over/Under 2.5 Goals,Under 2.5 Goals,LAY,ATB,1.76,4.0,3.040000,988.612488,2017-04-30T14:16:30.293000Z,2017-04-30T14:16:32.868000Z,0.408163,EXIT_FOUND,fill_proxy
EXIT,1493561793000,2017-04-30T14:16:33Z,27,OVER_UNDER_25,Over/Under 2.5 Goals,Under 2.5 Goals,LAY,ATB,1.76,4.0,3.040000,988.612488,2017-04-30T14:16:30.293000Z,2017-04-30T14:16:32.868000Z,0.408163,EXIT_FOUND,exit_proxy
FILL,1493561798000,2017-04-30T14:16:38Z,27,OVER_UNDER_35,Over/Under 3.5 Goals,Under 3.5 Goals,LAY,ATB,1.2,4.0,0.800000,992.060651,2017-04-30T14:16:37.838000Z,2017-04-30T14:16:38.063000Z,0.25,EXIT_FOUND,fill_proxy
EXIT,1493561798250,2017-04-30T14:16:38.250000Z,27,OVER_UNDER_35,Over/Under 3.5 Goals,Under 3.5 Goals,LAY,ATB,1.2,4.0,0.800000,992.060651,2017-04-30T14:16:37.838000Z,2017-04-30T14:16:38.063000Z,0.25,EXIT_FOUND,exit_proxy
FILL,1493561810000,2017-04-30T14:16:50Z,27,TOTAL_GOALS,Total Goals,2 goals or more,LAY,ATB,1.22,4.0,0.880000,993.110651,2017-04-30T14:16:49.922000Z,2017-04-30T14:16:54.229000Z,0.15748,EXIT_FOUND,fill_proxy
EXIT,1493561814250,2017-04-30T14:16:54.250000Z,27,TOTAL_GOALS,Total Goals,2 goals or more,LAY,ATB,1.22,4.0,0.880000,993.110651,2017-04-30T14:16:49.922000Z,2017-04-30T14:16:54.229000Z,0.15748,EXIT_FOUND,exit_proxy
PLACE,1493561857500,2017-04-30T14:17:37.500000Z,28,OVER_UNDER_15,Over/Under 1.5 Goals,Over 1.5 Goals,LAY,ATB,1.24,4.0,0.960000,994.148131,2017-04-30T14:17:38.341000Z,2017-04-30T14:17:42.443000Z,0.063492,EXIT_FOUND,placed
PLACE,1493561858250,2017-04-30T14:17:38.250000Z,28,OVER_UNDER_25,Over/Under 2.5 Goals,Under 2.5 Goals,LAY,ATB,1.73,4.0,2.920000,993.188131,2017-04-30T14:18:05.165000Z,2017-04-30T14:18:09.652000Z,0.357895,EXIT_FOUND,placed
FILL,1493561858500,2017-04-30T14:17:38.500000Z,28,OVER_UNDER_15,Over/Under 1.5 Goals,Over 1.5 Goals,LAY,ATB,1.24,4.0,0.960000,990.268131,2017-04-30T14:17:38.341000Z,2017-04-30T14:17:42.443000Z,0.063492,EXIT_FOUND,fill_proxy
EXIT,1493561862500,2017-04-30T14:17:42.500000Z,28,OVER_UNDER_15,Over/Under 1.5 Goals,Over 1.5 Goals,LAY,ATB,1.24,4.0,0.960000,990.268131,2017-04-30T14:17:38.341000Z,2017-04-30T14:17:42.443000Z,0.063492,EXIT_FOUND,exit_proxy
PLACE,1493561862500,2017-04-30T14:17:42.500000Z,28,OVER_UNDER_35,Over/Under 3.5 Goals,Under 3.5 Goals,LAY,ATB,1.23,4.0,0.920000,991.291623,2017-04-30T14:17:42.719000Z,2017-04-30T14:17:47.351000Z,0.15625,EXIT_FOUND,placed
PLACE,1493561862500,2017-04-30T14:17:42.500000Z,28,TEAM_TOTAL_GOALS,Man City Total Goals,1 goals or more,LAY,ATB,1.31,4.0,1.240000,990.371623,2017-04-30T14:17:45.854000Z,2017-04-30T14:17:46.143000Z,0.202899,EXIT_FOUND,placed
FILL,1493561862750,2017-04-30T14:17:42.750000Z,28,OVER_UNDER_35,Over/Under 3.5 Goals,Under 3.5 Goals,LAY,ATB,1.23,4.0,0.920000,989.131623,2017-04-30T14:17:42.719000Z,2017-04-30T14:17:47.351000Z,0.15625,EXIT_FOUND,fill_proxy
FILL,1493561866000,2017-04-30T14:17:46Z,28,TEAM_TOTAL_GOALS,Man City Total Goals,1 goals or more,LAY,ATB,1.31,4.0,1.240000,989.131623,2017-04-30T14:17:45.854000Z,2017-04-30T14:17:46.143000Z,0.202899,EXIT_FOUND,fill_proxy
EXIT,1493561866250,2017-04-30T14:17:46.250000Z,28,TEAM_TOTAL_GOALS,Man City Total Goals,1 goals or more,LAY,ATB,1.31,4.0,1.240000,989.131623,2017-04-30T14:17:45.854000Z,2017-04-30T14:17:46.143000Z,0.202899,EXIT_FOUND,exit_proxy
EXIT,1493561867500,2017-04-30T14:17:47.500000Z,28,OVER_UNDER_35,Over/Under 3.5 Goals,Under 3.5 Goals,LAY,ATB,1.23,4.0,0.920000,990.574522,2017-04-30T14:17:42.719000Z,2017-04-30T14:17:47.351000Z,0.15625,EXIT_FOUND,exit_proxy
FILL,1493561885250,2017-04-30T14:18:05.250000Z,28,OVER_UNDER_25,Over/Under 2.5 Goals,Under 2.5 Goals,LAY,ATB,1.73,4.0,2.920000,991.650772,2017-04-30T14:18:05.165000Z,2017-04-30T14:18:09.652000Z,0.357895,EXIT_FOUND,fill_proxy
EXIT,1493561889750,2017-04-30T14:18:09.750000Z,28,OVER_UNDER_25,Over/Under 2.5 Goals,Under 2.5 Goals,LAY,ATB,1.73,4.0,2.920000,991.650772,2017-04-30T14:18:05.165000Z,2017-04-30T14:18:09.652000Z,0.357895,EXIT_FOUND,exit_proxy
PLACE,1493562141750,2017-04-30T14:22:21.750000Z,29,OVER_UNDER_15,Over/Under 1.5 Goals,Over 1.5 Goals,LAY,ATB,1.27,4.0,1.080000,994.928667,2017-04-30T14:22:22.059000Z,2017-04-30T14:22:22.455000Z,0.318841,EXIT_FOUND,placed
PLACE,1493562142000,2017-04-30T14:22:22Z,29,TOTAL_GOALS,Total Goals,2 goals or more,LAY,ATB,1.27,4.0,1.080000,993.848667,2017-04-30T14:22:22.059000Z,2017-04-30T14:22:24.168000Z,0.208955,EXIT_FOUND,placed
PLACE,1493562142000,2017-04-30T14:22:22Z,29,TEAM_TOTAL_GOALS,Man City Total Goals,1 goals or more,LAY,ATB,1.39,4.0,1.560000,992.768667,2017-04-30T14:22:39.190000Z,2017-04-30T14:22:43.508000Z,0.217687,EXIT_FOUND,placed
FILL,1493562142250,2017-04-30T14:22:22.250000Z,29,OVER_UNDER_15,Over/Under 1.5 Goals,Over 1.5 Goals,LAY,ATB,1.27,4.0,1.080000,991.208667,2017-04-30T14:22:22.059000Z,2017-04-30T14:22:22.455000Z,0.318841,EXIT_FOUND,fill_proxy
FILL,1493562142250,2017-04-30T14:22:22.250000Z,29,TOTAL_GOALS,Total Goals,2 goals or more,LAY,ATB,1.27,4.0,1.080000,991.208667,2017-04-30T14:22:22.059000Z,2017-04-30T14:22:24.168000Z,0.208955,EXIT_FOUND,fill_proxy
PLACE,1493562142250,2017-04-30T14:22:22.250000Z,29,OVER_UNDER_15,Over/Under 1.5 Goals,Over 1.5 Goals,LAY,ATB,1.28,4.0,1.120000,991.208667,2017-04-30T14:22:25.371000Z,2017-04-30T14:22:29.587000Z,0.179104,EXIT_FOUND,placed
EXIT,1493562142500,2017-04-30T14:22:22.500000Z,29,OVER_UNDER_15,Over/Under 1.5 Goals,Over 1.5 Goals,LAY,ATB,1.27,4.0,1.080000,990.088667,2017-04-30T14:22:22.059000Z,2017-04-30T14:22:22.455000Z,0.318841,EXIT_FOUND,exit_proxy
PLACE,1493562142750,2017-04-30T14:22:22.750000Z,29,TOTAL_GOALS,Total Goals,2 goals or more,LAY,ATB,1.28,4.0,1.120000,991.487508,2017-04-30T14:22:42.374000Z,2017-04-30T14:22:44.343000Z,0.207407,EXIT_FOUND,placed
EXIT,1493562144250,2017-04-30T14:22:24.250000Z,29,TOTAL_GOALS,Total Goals,2 goals or more,LAY,ATB,1.27,4.0,1.080000,990.367508,2017-04-30T14:22:22.059000Z,2017-04-30T14:22:24.168000Z,0.208955,EXIT_FOUND,exit_proxy
FILL,1493562145500,2017-04-30T14:22:25.500000Z,29,OVER_UNDER_15,Over/Under 1.5 Goals,Over 1.5 Goals,LAY,ATB,1.28,4.0,1.120000,991.656463,2017-04-30T14:22:25.371000Z,2017-04-30T14:22:29.587000Z,0.179104,EXIT_FOUND,fill_proxy
EXIT,1493562149750,2017-04-30T14:22:29.750000Z,29,OVER_UNDER_15,Over/Under 1.5 Goals,Over 1.5 Goals,LAY,ATB,1.28,4.0,1.120000,991.656463,2017-04-30T14:22:25.371000Z,2017-04-30T14:22:29.587000Z,0.179104,EXIT_FOUND,exit_proxy
FILL,1493562159250,2017-04-30T14:22:39.250000Z,29,TEAM_TOTAL_GOALS,Man City Total Goals,1 goals or more,LAY,ATB,1.39,4.0,1.560000,992.955567,2017-04-30T14:22:39.190000Z,2017-04-30T14:22:43.508000Z,0.217687,EXIT_FOUND,fill_proxy
FILL,1493562162500,2017-04-30T14:22:42.500000Z,29,TOTAL_GOALS,Total Goals,2 goals or more,LAY,ATB,1.28,4.0,1.120000,992.955567,2017-04-30T14:22:42.374000Z,2017-04-30T14:22:44.343000Z,0.207407,EXIT_FOUND,fill_proxy
EXIT,1493562163750,2017-04-30T14:22:43.750000Z,29,TEAM_TOTAL_GOALS,Man City Total Goals,1 goals or more,LAY,ATB,1.39,4.0,1.560000,992.955567,2017-04-30T14:22:39.190000Z,2017-04-30T14:22:43.508000Z,0.217687,EXIT_FOUND,exit_proxy
EXIT,1493562164500,2017-04-30T14:22:44.500000Z,29,TOTAL_GOALS,Total Goals,2 goals or more,LAY,ATB,1.28,4.0,1.120000,994.733254,2017-04-30T14:22:42.374000Z,2017-04-30T14:22:44.343000Z,0.207407,EXIT_FOUND,exit_proxy
PLACE,1493562227750,2017-04-30T14:23:47.750000Z,30,OVER_UNDER_15,Over/Under 1.5 Goals,Over 1.5 Goals,LAY,ATB,1.3,4.0,1.200000,996.060661,2017-04-30T14:24:08.353000Z,2017-04-30T14:24:11.255000Z,0.176471,EXIT_FOUND,placed
PLACE,1493562228250,2017-04-30T14:23:48.250000Z,30,OVER_UNDER_25,Over/Under 2.5 Goals,Under 2.5 Goals,LAY,ATB,1.55,4.0,2.200000,994.860661,2017-04-30T14:24:11.763000Z,2017-04-30T14:24:15.715000Z,0.352941,EXIT_FOUND,placed
PLACE,1493562230500,2017-04-30T14:23:50.500000Z,30,TOTAL_GOALS,Total Goals,2 goals or more,LAY,ATB,1.3,4.0,1.200000,992.660661,,,0.0,NO_FILL_PROXY,placed
PLACE,1493562230750,2017-04-30T14:23:50.750000Z,30,TEAM_TOTAL_GOALS,Man City Total Goals,1 goals or more,LAY,ATB,1.41,4.0,1.640000,991.460661,2017-04-30T14:24:07.892000Z,2017-04-30T14:24:38.243000Z,0.24,EXIT_FOUND,placed
FILL,1493562248000,2017-04-30T14:24:08Z,30,TEAM_TOTAL_GOALS,Man City Total Goals,1 goals or more,LAY,ATB,1.41,4.0,1.640000,989.820661,2017-04-30T14:24:07.892000Z,2017-04-30T14:24:38.243000Z,0.24,EXIT_FOUND,fill_proxy
FILL,1493562248500,2017-04-30T14:24:08.500000Z,30,OVER_UNDER_15,Over/Under 1.5 Goals,Over 1.5 Goals,LAY,ATB,1.3,4.0,1.200000,989.820661,2017-04-30T14:24:08.353000Z,2017-04-30T14:24:11.255000Z,0.176471,EXIT_FOUND,fill_proxy
EXIT,1493562251500,2017-04-30T14:24:11.500000Z,30,OVER_UNDER_15,Over/Under 1.5 Goals,Over 1.5 Goals,LAY,ATB,1.3,4.0,1.200000,989.820661,2017-04-30T14:24:08.353000Z,2017-04-30T14:24:11.255000Z,0.176471,EXIT_FOUND,exit_proxy
FILL,1493562252000,2017-04-30T14:24:12Z,30,OVER_UNDER_25,Over/Under 2.5 Goals,Under 2.5 Goals,LAY,ATB,1.55,4.0,2.200000,991.197132,2017-04-30T14:24:11.763000Z,2017-04-30T14:24:15.715000Z,0.352941,EXIT_FOUND,fill_proxy
EXIT,1493562255750,2017-04-30T14:24:15.750000Z,30,OVER_UNDER_25,Over/Under 2.5 Goals,Under 2.5 Goals,LAY,ATB,1.55,4.0,2.200000,991.197132,2017-04-30T14:24:11.763000Z,2017-04-30T14:24:15.715000Z,0.352941,EXIT_FOUND,exit_proxy
EXIT,1493562278250,2017-04-30T14:24:38.250000Z,30,TEAM_TOTAL_GOALS,Man City Total Goals,1 goals or more,LAY,ATB,1.41,4.0,1.640000,993.750073,2017-04-30T14:24:07.892000Z,2017-04-30T14:24:38.243000Z,0.24,EXIT_FOUND,exit_proxy
PLACE,1493562384000,2017-04-30T14:26:24Z,31,OVER_UNDER_25,Over/Under 2.5 Goals,Under 2.5 Goals,LAY,ATB,1.48,4.0,1.920000,995.630073,2017-04-30T14:26:27.079000Z,2017-04-30T14:26:27.909000Z,0.229299,EXIT_FOUND,placed
PLACE,1493562384250,2017-04-30T14:26:24.250000Z,31,OVER_UNDER_15,Over/Under 1.5 Goals,Over 1.5 Goals,LAY,ATB,1.35,4.0,1.400000,993.710073,2017-04-30T14:26:24.253000Z,2017-04-30T14:26:26.386000Z,0.142857,EXIT_FOUND,placed
FILL,1493562384500,2017-04-30T14:26:24.500000Z,31,OVER_UNDER_15,Over/Under 1.5 Goals,Over 1.5 Goals,LAY,ATB,1.35,4.0,1.400000,992.310073,2017-04-30T14:26:24.253000Z,2017-04-30T14:26:26.386000Z,0.142857,EXIT_FOUND,fill_proxy
EXIT,1493562386500,2017-04-30T14:26:26.500000Z,31,OVER_UNDER_15,Over/Under 1.5 Goals,Over 1.5 Goals,LAY,ATB,1.35,4.0,1.400000,992.310073,2017-04-30T14:26:24.253000Z,2017-04-30T14:26:26.386000Z,0.142857,EXIT_FOUND,exit_proxy
FILL,1493562387250,2017-04-30T14:26:27.250000Z,31,OVER_UNDER_25,Over/Under 2.5 Goals,Under 2.5 Goals,LAY,ATB,1.48,4.0,1.920000,993.852930,2017-04-30T14:26:27.079000Z,2017-04-30T14:26:27.909000Z,0.229299,EXIT_FOUND,fill_proxy
EXIT,1493562388000,2017-04-30T14:26:28Z,31,OVER_UNDER_25,Over/Under 2.5 Goals,Under 2.5 Goals,LAY,ATB,1.48,4.0,1.920000,993.852930,2017-04-30T14:26:27.079000Z,2017-04-30T14:26:27.909000Z,0.229299,EXIT_FOUND,exit_proxy
PLACE,1493562390250,2017-04-30T14:26:30.250000Z,31,OVER_UNDER_25,Over/Under 2.5 Goals,Under 2.5 Goals,LAY,ATB,1.46,4.0,1.840000,996.002229,2017-04-30T14:26:33.440000Z,2017-04-30T14:26:33.571000Z,0.327044,EXIT_FOUND,placed
FILL,1493562393500,2017-04-30T14:26:33.500000Z,31,OVER_UNDER_25,Over/Under 2.5 Goals,Under 2.5 Goals,LAY,ATB,1.46,4.0,1.840000,994.162229,2017-04-30T14:26:33.440000Z,2017-04-30T14:26:33.571000Z,0.327044,EXIT_FOUND,fill_proxy
EXIT,1493562393750,2017-04-30T14:26:33.750000Z,31,OVER_UNDER_25,Over/Under 2.5 Goals,Under 2.5 Goals,LAY,ATB,1.46,4.0,1.840000,994.162229,2017-04-30T14:26:33.440000Z,2017-04-30T14:26:33.571000Z,0.327044,EXIT_FOUND,exit_proxy
PLACE,1493562652250,2017-04-30T14:30:52.250000Z,32,OVER_UNDER_25,Over/Under 2.5 Goals,Over 2.5 Goals,LAY,ATB,1.46,4.0,1.840000,996.329273,2017-04-30T14:30:52.413000Z,2017-04-30T14:30:53.995000Z,0.207792,EXIT_FOUND,placed
FILL,1493562652500,2017-04-30T14:30:52.500000Z,32,OVER_UNDER_25,Over/Under 2.5 Goals,Over 2.5 Goals,LAY,ATB,1.46,4.0,1.840000,994.489273,2017-04-30T14:30:52.413000Z,2017-04-30T14:30:53.995000Z,0.207792,EXIT_FOUND,fill_proxy
PLACE,1493562652500,2017-04-30T14:30:52.500000Z,32,OVER_UNDER_25,Over/Under 2.5 Goals,Over 2.5 Goals,LAY,ATB,1.48,4.0,1.920000,994.489273,2017-04-30T14:31:01.063000Z,2017-04-30T14:31:01.362000Z,0.27673,EXIT_FOUND,placed
PLACE,1493562652750,2017-04-30T14:30:52.750000Z,32,OVER_UNDER_35,Over/Under 3.5 Goals,Under 3.5 Goals,LAY,ATB,1.34,4.0,1.360000,992.569273,2017-04-30T14:31:02.375000Z,2017-04-30T14:31:02.999000Z,0.198582,EXIT_FOUND,placed
PLACE,1493562653250,2017-04-30T14:30:53.250000Z,32,TOTAL_GOALS,Total Goals,3 goals or more,LAY,ATB,1.48,4.0,1.920000,991.209273,2017-04-30T14:31:07.149000Z,2017-04-30T14:31:08.043000Z,0.253165,EXIT_FOUND,placed
EXIT,1493562654000,2017-04-30T14:30:54Z,32,OVER_UNDER_25,Over/Under 2.5 Goals,Over 2.5 Goals,LAY,ATB,1.46,4.0,1.840000,989.289273,2017-04-30T14:30:52.413000Z,2017-04-30T14:30:53.995000Z,0.207792,EXIT_FOUND,exit_proxy
PLACE,1493562657000,2017-04-30T14:30:57Z,32,TEAM_TOTAL_GOALS,Man City Total Goals,2 goals or more,LAY,ATB,1.65,4.0,2.600000,991.337065,2017-04-30T14:31:00.426000Z,2017-04-30T14:31:07.278000Z,0.292135,EXIT_FOUND,placed
FILL,1493562660500,2017-04-30T14:31:00.500000Z,32,TEAM_TOTAL_GOALS,Man City Total Goals,2 goals or more,LAY,ATB,1.65,4.0,2.600000,988.737065,2017-04-30T14:31:00.426000Z,2017-04-30T14:31:07.278000Z,0.292135,EXIT_FOUND,fill_proxy
FILL,1493562661250,2017-04-30T14:31:01.250000Z,32,OVER_UNDER_25,Over/Under 2.5 Goals,Over 2.5 Goals,LAY,ATB,1.48,4.0,1.920000,988.737065,2017-04-30T14:31:01.063000Z,2017-04-30T14:31:01.362000Z,0.27673,EXIT_FOUND,fill_proxy
EXIT,1493562661500,2017-04-30T14:31:01.500000Z,32,OVER_UNDER_25,Over/Under 2.5 Goals,Over 2.5 Goals,LAY,ATB,1.48,4.0,1.920000,988.737065,2017-04-30T14:31:01.063000Z,2017-04-30T14:31:01.362000Z,0.27673,EXIT_FOUND,exit_proxy
FILL,1493562662500,2017-04-30T14:31:02.500000Z,32,OVER_UNDER_35,Over/Under 3.5 Goals,Under 3.5 Goals,LAY,ATB,1.34,4.0,1.360000,990.933795,2017-04-30T14:31:02.375000Z,2017-04-30T14:31:02.999000Z,0.198582,EXIT_FOUND,fill_proxy
EXIT,1493562663000,2017-04-30T14:31:03Z,32,OVER_UNDER_35,Over/Under 3.5 Goals,Under 3.5 Goals,LAY,ATB,1.34,4.0,1.360000,990.933795,2017-04-30T14:31:02.375000Z,2017-04-30T14:31:02.999000Z,0.198582,EXIT_FOUND,exit_proxy
FILL,1493562667250,2017-04-30T14:31:07.250000Z,32,TOTAL_GOALS,Total Goals,3 goals or more,LAY,ATB,1.48,4.0,1.920000,992.492377,2017-04-30T14:31:07.149000Z,2017-04-30T14:31:08.043000Z,0.253165,EXIT_FOUND,fill_proxy
EXIT,1493562667500,2017-04-30T14:31:07.500000Z,32,TEAM_TOTAL_GOALS,Man City Total Goals,2 goals or more,LAY,ATB,1.65,4.0,2.600000,992.492377,2017-04-30T14:31:00.426000Z,2017-04-30T14:31:07.278000Z,0.292135,EXIT_FOUND,exit_proxy
EXIT,1493562668250,2017-04-30T14:31:08.250000Z,32,TOTAL_GOALS,Total Goals,3 goals or more,LAY,ATB,1.48,4.0,1.920000,995.384512,2017-04-30T14:31:07.149000Z,2017-04-30T14:31:08.043000Z,0.253165,EXIT_FOUND,exit_proxy
